filename,translation_arabic,translation_english
S1_resc_1.wav,هل الجميع بخير؟,Is everyone okay?
S1_resc_2.wav,هل تحتاج إلى مساعدة؟,Do you need help?
S1_resc_3.wav,أين إصابتك؟,Where are you injured?
S1_resc_4.wav,نحن هنا للمساعدة.,We are here to help.
S1_resc_7.wav,نحتاج إلى حملك.,We need to carry you.
S1_resc_8.wav,أين المخرج الأقرب؟,Where is the nearest exit?
S1_resc_9.wav,اتبعنا.,Follow us.
S1_resc_10.wav,نحن ننقلك إلى مكان آمن.,We are taking you to safety.
S1_resc_11.wav,هل هناك أحد آخر معك؟,Is there anyone else with you?
S1_resc_12.wav,اطلب المساعدة الطبية.,Call for medical assistance.
S1_resc_13.wav,نحتاج إلى المزيد من المعلومات.,We need more information.
S1_resc_14.wav,هل تشعر بالدوار أو بالغثيان؟,Are you feeling dizzy or nauseous?
S1_resc_15.wav,نحن نفحص لأي خطر إضافي.,We are checking for any further danger.
S1_resc_16.wav,لدينا ماء وبطانيات.,We have water and blankets.
S1_resc_17.wav,اضغط على الجرح.,Keep pressure on the wound.
S1_resc_18.wav,نحن على وشك الوصول.,We are almost there.
S1_resc_19.wav,هل تسمعني؟,Can you hear me?
S1_resc_20.wav,المساعدة في الطريق.,Help is on the way.
S1_resc_21.wav,هل هناك حريق؟,Is there a fire?
S1_resc_22.wav,هل يمكنك أن تتنفس؟,Can you breathe?
S1_resc_23.wav,لا تقلق، نحن هنا لإنقاذك.,"Don't worry, we are here to rescue you."
S1_resc_24.wav,أين كنت آخر مرة رأيت فيها الشخص المفقود؟,Where were you the last time you saw the missing person?
S1_resc_26.wav,هل هناك أي تسريبات غاز؟,Are there any gas leaks?
S1_resc_27.wav,هل لديك هاتف محمول يمكننا استخدامه؟,Do you have a mobile phone we can use?
S1_resc_28.wav,هل تستطيع المشي بنفسك؟,Can you walk on your own?
S1_resc_30.wav,هل أنت وحيد هنا؟,Are you alone here?
S1_resc_31.wav,هل يوجد أي شخص تحت الأنقاض؟,Is there anyone under the rubble?
S1_resc_32.wav,سوف ننقلك إلى المستشفى الآن.,We will take you to the hospital now.
S1_resc_33.wav,نحن نبحث عن ناجين آخرين.,We are looking for other survivors.
S1_resc_35.wav,هل لديك ماء للشرب؟,Do you have drinking water?
S1_resc_36.wav,سوف نساعدك على الخروج.,We will help you get out.
S1_resc_37.wav,انتظر هنا حتى نعود.,Wait here until we come back.
S1_resc_38.wav,هل تشعر بأي ألم؟,Do you feel any pain?
S1_resc_39.wav,نحن نحاول الاتصال بأفراد عائلتك.,We are trying to contact your family members.
S1_resc_41.wav,سوف نحملك إلى سيارة الإسعاف.,We will carry you to the ambulance.
S1_resc_42.wav,لا تتحرك، نحن هنا لمساعدتك.,"Do not move, we are here to help you."
S2_resc_5.wav,ابق هادئًا.,Stay calm.
S2_resc_7.wav,نحتاج إلى حملك.,We need to carry you.
S2_resc_8.wav,أين المخرج الأقرب؟,Where is the nearest exit?
S2_resc_9.wav,اتبعنا.,Follow us.
S2_resc_10.wav,نحن ننقلك إلى مكان آمن.,We are taking you to safety.
S2_resc_11.wav,هل هناك أحد آخر معك؟,Is there anyone else with you?
S2_resc_12.wav,اطلب المساعدة الطبية.,Call for medical assistance.
S2_resc_14.wav,هل تشعر بالدوار أو بالغثيان؟,Are you feeling dizzy or nauseous?
S2_resc_16.wav,لدينا ماء وبطانيات.,We have water and blankets.
S2_resc_17.wav,اضغط على الجرح.,Keep pressure on the wound.
S2_resc_20.wav,المساعدة في الطريق.,Help is on the way.
S2_resc_21.wav,هل هناك حريق؟,Is there a fire?
S2_resc_28.wav,هل تستطيع المشي بنفسك؟,Can you walk on your own?
S3_resc_1.wav,هل الجميع بخير؟,Is everyone okay?
S3_resc_3.wav,أين إصابتك؟,Where are you injured?
S3_resc_6.wav,هل تستطيع التحرك؟,Can you move?
S3_resc_7.wav,نحتاج إلى حملك.,We need to carry you.
S3_resc_9.wav,اتبعنا.,Follow us.
S3_resc_19.wav,هل تسمعني؟,Can you hear me?
S3_resc_21.wav,هل هناك حريق؟,Is there a fire?
S3_resc_22.wav,هل يمكنك أن تتنفس؟,Can you breathe?
S3_resc_24.wav,أين كنت آخر مرة رأيت فيها الشخص المفقود؟,Where were you the last time you saw the missing person?
S3_resc_25.wav,ابقَ في مكانك، نحن قادمون.,"Stay in your place, we are coming."
S3_resc_26.wav,هل هناك أي تسريبات غاز؟,Are there any gas leaks?
S3_resc_27.wav,هل لديك هاتف محمول يمكننا استخدامه؟,Do you have a mobile phone we can use?
S3_resc_28.wav,هل تستطيع المشي بنفسك؟,Can you walk on your own?
S3_resc_30.wav,هل أنت وحيد هنا؟,Are you alone here?
S3_resc_31.wav,هل يوجد أي شخص تحت الأنقاض؟,Is there anyone under the rubble?
S3_resc_32.wav,سوف ننقلك إلى المستشفى الآن.,We will take you to the hospital now.
S3_resc_35.wav,هل لديك ماء للشرب؟,Do you have drinking water?
S3_resc_36.wav,سوف نساعدك على الخروج.,We will help you get out.
S3_resc_37.wav,انتظر هنا حتى نعود.,Wait here until we come back.
S3_resc_38.wav,هل تشعر بأي ألم؟,Do you feel any pain?
S3_resc_39.wav,نحن نحاول الاتصال بأفراد عائلتك.,We are trying to contact your family members.
